ref	commit	tree	date	branch_only_vs_main	main_only_vs_main	merged_into_main	subject
refs/heads/arena/01a03e3b-iips-review-recovered	3c7568e0437f2a5e7b385833ed0752990286ad87	fdeefa3d0410f1be8bc6c0ae78673ff831994f4a	2026-09-26	97	167	NO	D7-TIER3-INDEPENDENCE: RAJI adjudication — NOT SATISFIED (Option-1 evidence absent)
refs/heads/arena/01a06af2-iips-review-recovered	105ddb98ec22a3752f0c83607174c08a1c52b051	77759d9c00c0dc8808fcf5b0049026205f03187b	2026-09-06	1	167	NO	E2E-015 — authorize SPA OIDC credential handoff
refs/heads/arena/01a06c00-iips-review-recovered	bf621bf15b2b6881740b1e4f40a0769974e2c07e	83d507d4b4e49fd1c3e9923c9c17b968ac608275	2026-09-04	0	160	YES	IIPS v3.0 — Product E2E reconciliation: fix TBD/future pins to actual product HEAD 471fd1b966ff641aac5c896dfe73f4c845122933
refs/heads/arena/01a077de-iips-review-recovered	7a847e1b02032210638cd08396a1bf54679e944c	cbf2f945376fad5438dead6a2d0b90613361865e	2026-09-06	1	147	NO	governance(e2e-016): record programme reconciliation/readiness charter
refs/heads/arena/01a07ccb-iips-review-recovered	85a4a61adda8b5df16bdf76c4b33cae769c35f43	7d25d56e718f405e018a74a9656958cad3f75255	2026-09-07	9	147	NO	governance(e2e-016): record certification determination
refs/heads/arena/01a0ddea-iips-review-recovered	fedc19ee41c07a7a00a0b887e78f352b466cf41a	b6db800dddbdfdebfc285df6fbe2170042b702f7	2026-09-27	102	167	NO	NP-18: publish W2 rev4 implementation script as a durable artifact
refs/heads/arena/01a0ddff-iips-review-recovered	ffa92dbec24c962482823ccb4d8768fb50955c94	d3b091eed4cf9823494fa8cad87fe6147cad1f57	2026-09-26	96	167	NO	D7-TIER3-INDEPENDENCE: record SAI verification evidence (Option-1 eligibility NOT ESTABLISHED; FAIL; awaiting RAJI)
refs/heads/arena/01a0e30f-iips-review-recovered	17c759cdccc6f7e1e3753c5215fcfa5d11ed4328	cdaf456b34b3809f8662a1e10095235519f1b3b0	2026-09-27	103	167	NO	D8/GATE-Y: publish Intelligence M-1..M-5 governance act handoff as durable artifacts
refs/heads/arena/01a0ec25-iips-review-recovered	a9a33b5f69c1072e126d68d6f2f12c324b4bae5f	107ed97d285a830c61ba9b1b2b3d3aca6af8ab03	2026-09-29	0	145	YES	IU-5: real non-production IRR -> IPD PIT runtime integration
refs/heads/arena/01a0ec83-iips-review-recovered	fb2ac134cd8dee370657b77316c8f5226e12d156	95caff29b83cec9d42a4a15aadcc2d226cbaea33	2026-09-29	0	143	YES	fix(pit): align client PIT contract import and add client-to-server runtime test
refs/heads/arena/01a0ecdb-iips-review-recovered	37d07b0480f3d0b5f1bf24816b2eb4f38ef50ebe	37b32e4ddcfc2ae93db7cb89356d393cc0a73cbb	2026-09-29	0	141	YES	IU-6 — repin IPD dependency to the merged IU-6 PIT population commit
refs/heads/arena/01a0ed79-iips-review-recovered	f292a25f32d02dfb309c8db0970de1f88a24317a	ca43d3231838058fb27a2cd6467f2570a860bbc3	2026-09-29	0	138	YES	IU-8D: reconcile IRR frontend transport to the certified 13-engine set
refs/heads/arena/01a0eeae-iips-review-recovered	bc7d6a05acebf84460b0a865f43f1b5e1b257b3b	143f4c3f38b3ff8ae80624aecb5504c9d0d0792f	2026-09-29	0	136	YES	Govern program-level readiness attribution for deferred engines
refs/heads/arena/01a0eecd-iips-review-recovered	4686b39da73f19f46c7cf5abaa189baf56e5c5bb	9590a47439922697b3fa03c1415d3c7af2bc5f49	2026-09-29	0	134	YES	IU-8F-A: Reconcile engine and product transport test contracts to 13 certified engines
refs/heads/arena/01a0f184-iips-review-recovered	b7ed35ee50b822e6976ae6df9e4e4297fa5804f4	d88b49357c64163008f2dfb52105626842053d7d	2026-09-30	0	132	YES	G-2: record durable user portfolio architectural decision
refs/heads/arena/01a0f1b3-iips-review-recovered	6a8afbb2bb73ca02d2b22e6f45e9f7d27a4a4b9b	0e25371229eff5cb8ae4e6bdc2615260ddf0629c	2026-10-02	28	133	NO	NP-06 Reports: final qualification record (QUALIFIED)
refs/heads/arena/01a0f1d6-iips-review-recovered	c1febdebea90154c73bdc5d7f3798ac250e6e2dd	cc4d3d6df3327310fa5f0b0053ea88bc3b621dea	2026-10-01	0	123	YES	Merge pull request #8 from ramkivs/arena/01a0f1d6-iips-review-recovered
refs/heads/arena/01a0f351-iips-review-recovered	3b5c54c09e06b1e86c93c29ed25508b171591416	72e16e152d7aa26cbe6686506aaf1f5afa2ed401	2026-10-04	19	131	NO	docs(np10): correct NP-10 acceptance authority citation to NP-13-D0-01 (AN-05)
refs/heads/arena/01a0f64b-iips-review-recovered	a7c421ae00de309687084fd05679c519c347d196	ae7b0e1ee6c10bc87e67d70aa0d431e2ce4bc0e3	2026-10-01	3	131	NO	docs(np13): record Evidence Landing acceptance and baseline promotion
refs/heads/arena/01a0f90b-iips-review-recovered	52a6bbfe512d80fe7ab3d715e3a68d36f6b24e14	363979378197c3138708a824aa8d7f00f16ca025	2026-10-01	0	122	YES	NP-12 N4: record identifier authority decisions
refs/heads/arena/01a0f936-iips-review-recovered	0d87d6a36d6f22ba7a12eddc8a5d87441f795b9f	0cdbdec298958db05d058fce5984c08e6a674182	2026-10-02	0	119	YES	docs(np13): record D1-A governed-object form and exact D1-B definition
refs/heads/arena/01a0f93d-iips-review-recovered	e0d42b501ca644a49481e5b9dc2859192c912de4	73a960ba1918b5c32db1c30b65b242c60c17560a	2026-10-01	0	120	YES	NP-12 N4: specify canonical byte grammar and digest preimage
refs/heads/arena/01a0faf0-iips-review-recovered	9afdd4d897547fbd764e787b10b6e27799f6d86f	8786bc9a061b0e16d408a73dfb8230ce77e6a3fa	2026-10-02	0	118	YES	Record explicit N4 Screen Definition implementation authority
refs/heads/arena/01a0fb16-iips-review-recovered	3fc21b1e6f7e317e03dabfe736b56349125ac6ae	c44960185e1d7be7b67a6e6198bec3346fb53dfc	2026-10-02	0	116	YES	feat(np12): implement authorized N4 Screen Definition canonical bytes
refs/heads/arena/01a0fb73-iips-review-recovered	27802bd162b779bce7e7d354cddf36855185626c	39d32a309f3ec2e586e27b3e4bbdd951b19443dc	2026-10-02	0	114	YES	docs: prepare NP-12 N4-A1 baseline binding act
refs/heads/arena/01a0fc15-iips-review-recovered	fc86eed349f52c63b1534527174c7db118f7ebc5	46c1a15bbcd1291701484457d1fe9815d8538888	2026-10-02	0	111	YES	docs: record NP-13 D1-C hybrid identity boundary
refs/heads/arena/01a0fc25-iips-review-recovered	7744fbd3c5c1646b59404051c60e91514a6f90f4	ed4c046b70a0875ae6af05720f820398755d10f9	2026-10-02	0	107	YES	docs: record NP-13 G-O-3(b) Option E decision
refs/heads/arena/01a0fc40-iips-review-recovered	8bb84d5de090a69ccd78871ba603c9835fd70471	2410ac816831f2b571bcfa8a98821f3a4f0bd8e7	2026-10-02	0	107	YES	NP-12 N4-A3: publish approved EngineOutput -> Screen authority decisions
refs/heads/arena/01a0fc5b-iips-review-recovered	740ed9acb4efdc7874c54d98efd4c19c4e08ced2	1b03ce24ac2267731e86d59082f294287ce6ef0d	2026-10-02	0	105	YES	NP-13: record D1 prerequisite ordering Option E decision
refs/heads/arena/01a0fcfc-iips-review-recovered	1641fbd446833e88b815d4c325d7c803562a6e31	71b9dfa985f0fc86b6256274c7995afff553d733	2026-10-02	0	101	YES	NP-12 N4-A5: publish approved contract-gap resolution decisions
refs/heads/arena/01a0fd19-iips-review-recovered	21e3c9379f851ecaa03f08211c1ebbf7aca4f6f3	0b87b9770882e85b6ff793d0aa13e1ec109b6fff	2026-10-02	0	99	YES	NP-12 N4-A6: publish Screen contract specification
refs/heads/arena/01a0fd58-iips-review-recovered	221ba44f41cea629b79e31a29e1f046602c3147f	32a69fa35c1a61b3f0fbc7049b93789865f65cad	2026-10-02	0	97	YES	NP-12 N4-A8: implementation readiness determination (A6-IMPL-01..10 assessed; A6-IMPL-10 confirmed open)
refs/heads/arena/01a0fd8b-iips-review-recovered	953638a376120e805581c6d1789bd4e1cf2247a5	90e9ad2fc9a6d2cd6a62ba243b6b31bbab23c4d7	2026-10-02	0	95	YES	docs(governance): add NP-12 N4-A9 authority decision
refs/heads/arena/01a0fda1-iips-review-recovered	f7b295755935326b23aee55ad16668932969eb5a	a8cdf0b092fdc9fefad7fa2005686c51e78a48b5	2026-10-03	0	93	YES	NP-12 N4-A10 — Controlled Increment 1 implementation (engine-free Screen-side runtime)
refs/heads/arena/01a0ffb8-iips-review-recovered	9faa5beb1e993c6b826b59726a329e0885195445	003d5ef0939f39c821e0292cc285faf1c2effa37	2026-10-03	0	93	YES	NP-13: durably publish G-O-3(b) A-G decision set
refs/heads/arena/01a10041-iips-review-recovered	0979fb19aea0a44d2a1b3015f4a6bbd6dc6f7d9e	333bd2992c79b520fad528430b318a5f06f93922	2026-10-03	0	89	YES	NP-13: publish PA-D1 decisions
refs/heads/arena/01a10068-iips-review-recovered	c24ffb6e9202edd71805cc9f87e5f42d6ce65457	a270980cf387c1a75d40d076424d674454dc4826	2026-10-03	0	87	YES	NP-13: publish PA-D1C decisions (D1-C #1-#10)
refs/heads/arena/01a10089-iips-review-recovered	81f0c28cb65e4fddf14dd1380286baa46791ea48	aee5ad16e33179bf8d9345533023fafd689cbfbd	2026-10-03	0	83	YES	NP-13: Publish CM-B durable decision (D1 completion model — necessary-only, non-exhaustive, D1 remains open)
refs/heads/arena/01a100a3-iips-review-recovered	3f9eba5a9ea735347f25d2c676147a3bba4d93a8	ef80489ef838b58f958ccdc8227a5a7675b6a05c	2026-10-03	0	81	YES	docs: publish NP-13 PA-D1C current decision capture
refs/heads/arena/01a100e5-iips-review-recovered	f5c66ebfb7d37f16f39f5c0fc5c848f35120d5e5	a61993a09a27151fc590d2d0d14f715591362d18	2026-10-03	0	76	YES	NP-13: publish PA-D1C semantic resolution (D1-C #1–#10 = A) — durable semantic policy publication
refs/heads/arena/01a101d8-iips-review-recovered	c6ac4395162000608cc7040f4fc1c8909a2ff6bf	70d468703c64817c3eed95527c2bf56e5577a12f	2026-10-03	0	74	YES	NP-13: D1 completion decision (A — DECLARE D1 COMPLETE) — durable governance publication
refs/heads/arena/01a101e0-iips-review-recovered	56aaad100b160e9aac97ad1aba75c3cc3900c186	7f0ef2a1fc8aa7d18a941249b3753cdce5fd61be	2026-10-03	0	72	YES	NP-13: PA-D2 eligibility & authority determination (D2 NOT ELIGIBLE; future D2-01 convening-authorized)
refs/heads/arena/01a1020f-iips-review-recovered	8811d7d4b83f7088ada0ccdbc45004676671c526	e6c8c77a6657c56b48c3a47b5a110fa6a2fd4dc4	2026-10-05	0	36	YES	fix(D89): correct DT-9 optional classification to authorized wording
refs/heads/arena/01a10213-iips-review-recovered	c3ff9125fa28bcc19c72fda2bf3c5169c5cfa010	13fe45b3984507029aa50fb3ebc4bea93d47a4fe	2026-10-03	0	70	YES	NP-13 D2-01: Establish D2 definition (Baseline Institutional Establishment: D2-A nature / D2-B binding+evidence / D2-C realization+durability)
refs/heads/arena/01a10283-iips-review-recovered	ae4645e2102808ff7f3a3b3186b2a787290f998b	962d7ea322e4ade5cda61c3fc9335de616903daf	2026-10-03	0	64	YES	docs(np-13): publish D2-A M1 baseline nature decision
refs/heads/arena/01a1079e-iips-review-recovered	d9086386f60a3012ec198ffe623f05f30dfc3974	a49ef045467d39b6475ace5c0999b7d8f64e85aa	2026-10-04	2	47	NO	docs: record D115 implementation completion
refs/heads/arena/01a10b3c-iips-review-recovered	36e433a0dfcf22c427f544c2671cb9bbbcdaf871	344a58a6ecc08bd5325ad259b2248af8fd4cfb2c	2026-10-05	5	38	NO	docs: record remote durability verification
refs/heads/arena/01a10c0e-iips-review-recovered	39bd90c129bb8fc41c1e7b37a7122e9fc2fc800a	a98000d3e5536a236bdca10e2265b3e14ad6a6cd	2026-10-05	1	35	NO	docs(np-08): promote Finding E comment rectification
refs/heads/arena/01a10cce-iips-review-recovered	be859d8e698e6ae0f21cbfa3dde3d0738d865342	d52601369913c1acc35d687df25efba304aead65	2026-10-05	2	34	NO	docs: add capability evidence reconciliation
refs/heads/arena/627f4e40-iips-review-recovered	5e59910be370b2e62f3c80cab6387a2ce447e820	e669595a7dc49bcdf3a1049e81f09f446a5daa38	2026-10-07	0	4	YES	Add Evidence Durability Record — publication + independent verification record (Gate 2026-10-07)
refs/heads/arena/6747c3a2-iips-review-recovered	e6b23240dea145c80ff719a0c618ff0760c17088	24b970f2679172582235fbc70699d1fa53ef33b1	2026-10-06	0	33	YES	docs(phase14.1): retrospective historical recognition (durable governance disposition)
refs/heads/arena/a2df3b85-iips-review-recovered	5eba01b6e818a261230725761b7797b68782e883	3573fcc0f8f415438e5bcb034c4bc45f57ae45ec	2026-10-07	7	10	NO	Main-health remediation (authorized): canonical engine-ID taxonomy + IU5R-13 reconciliation
refs/heads/arena/n4-a12-authority-publication	27f135918b28bfe998845e63c4105563d9280e5a	60a50fb596ca3304e61dab2f6234222d953a517b	2026-10-03	0	87	YES	Add files via upload
refs/heads/composition/governed-screener-application	bdbba1f468979b3a5c0ad4eb91f55cd18a8cb08a	48a681acd374f4aae1016977042582c249ee8afc	2026-10-07	0	13	YES	Governed Screener application composition (read-only, additive)
refs/heads/g2-ui-consumer-recovery-2026-10-08	44d15569bba51573785f3b31c08bd90b8246136b	83a8499f1c61f6bd5f97c44d490c678cc75c6cfa	2026-10-08	0	1	YES	G2 UI consumer: republish authorized implementation
refs/heads/gai-impl-canonical	f63a9b493118643725568a95b86405a5835a30a0	a1c0f903ea040e28343d893f5d9874a9f43be163	2026-08-27	47	168	NO	test(ai-advisory): close G-DISPATCH-COVERAGE with real-socket dispatch coverage
refs/heads/governance/d1-journal-persistence-extension	8acc34f781e73e8ca2ae01997f1f32166b3f4f2c	2060f6e579759a12dbc0b29129dfd14dabccb676	2026-10-07	0	21	YES	Governance: D-1 journal persistence domain extension (standing only; no admission)
refs/heads/governance/d1-persistence-ownership-option-c	80a4dc95a37a4945ffd07d6cc71a6b716c9e0847	e1104b68972471b23787788e868edc7e043d0489	2026-10-06	0	31	YES	docs(governance): publish D-1 explicit domain-scoped persistence ownership decision (Option C)
refs/heads/governance/d2-identity-tenant-option-b	0a36dee60637e14f8cc092bfcd44bf786bda4d21	cd1ef894caf797a11df168b52383826bb312d6cb	2026-10-06	0	29	YES	Governance: D-2 domain-scoped identity/tenant authority decision (Option B)
refs/heads/governance/d3-reports-acceptance	cade02dc4543a23a5a99be64c03ffa1dd3d67c7f	7dc2d419a053647d0e798370b4b147e0e8396909	2026-10-06	0	27	YES	Governance: D-3 Governed Reports acceptance at qualified branch scope
refs/heads/governance/reports-promotion-scope	f4dab7d5dbd8d52e93c5267ad9249451ab5e991c	b19387cdc76323e9434f37fb780a08f75e3e4a0d	2026-10-06	0	25	YES	Governance: Reports promotion-scope decision (future bar only; no promotion)
refs/heads/main	c19a905d9b7ff6f7faa5c966b59504063f3d45c1	83a8499f1c61f6bd5f97c44d490c678cc75c6cfa	2026-10-08	0	0	YES	Merge pull request #50 from ramkivs/g2-ui-consumer-recovery-2026-10-08
refs/heads/phase13-hardening-delivery	254e47233e639d089c59f07f394e4a6b46d8970f	8f02f54c35f54e70b3d9d6b7912adcd0ffa9f7ea	2026-08-16	6	168	NO	docs: record Phase 13-Hardening implementation, acceptance, reconciliation
refs/heads/phase13-next	4357e14a35966cd8508e0c59e40627791c103172	bf5ec63f47111d0acbfb17a23394a61d1bb65174	2026-09-27	78	168	NO	docs: adjudicate NP-18 non-production qualification
refs/heads/phase14.1-recovery-deposit	c115d1f49454a171c24ec61bab5e28f0ceea1df5	cb32c78504b7632e611104e557f9d6b239f7921a	2026-10-06	1	34	NO	Deposit Phase 14.1 recovery snapshot
refs/heads/promotion/evidence-landing-np13	80f5b19e203679b9d36d3f620e9abee183bf8bb3	64af04973da89d87c2e252e059c481f9f37973e0	2026-10-07	0	17	YES	Candidate: NP-13 Evidence Landing reconciled onto main 90753d84
refs/heads/promotion/family-watchlists-collaboration-settings	3d29aea61d150264bef65f5054cfce6970c3f07a	334f8db538557e13f8c6e39563bb6a30b4e77fc6	2026-10-07	0	19	YES	Candidate: Watchlists/Collaboration/Settings family reconciled onto main 192626f1
refs/heads/promotion/governed-reports-candidate	4906a6b71f5133d714f0f4c29c89dba22ded37f5	774f16b986e7e47aa74c92e7bdd477cc6a5cf6bb	2026-10-06	0	23	YES	Promotion candidate: Governed Reports onto current main (reconciled shared transports; isolated persistence pin)
refs/heads/reconciliation/ai-advisory-transport	ddba1bd1f189ecb8c2db3d4e233485df8d381768	767585053fc2f7eb304a008fb81fa92ee4a3a698	2026-10-07	0	15	YES	Candidate: AI Advisory selective transport reconciliation onto main b2256367
refs/heads/reconciliation/spa-oidc-handoff	0e2d6d249592d7761bd14b0e7265224fdac5c172	834c11ff096fba38a765ae7601d417eadf67cc16	2026-10-07	0	11	YES	E2E-015 SPA OIDC credential handoff — selective reconciliation onto current main
refs/pull/1/head	a9a33b5f69c1072e126d68d6f2f12c324b4bae5f	107ed97d285a830c61ba9b1b2b3d3aca6af8ab03	2026-09-29	0	145	YES	IU-5: real non-production IRR -> IPD PIT runtime integration
refs/pull/10/head	e0d42b501ca644a49481e5b9dc2859192c912de4	73a960ba1918b5c32db1c30b65b242c60c17560a	2026-10-01	0	120	YES	NP-12 N4: specify canonical byte grammar and digest preimage
refs/pull/11/head	9afdd4d897547fbd764e787b10b6e27799f6d86f	8786bc9a061b0e16d408a73dfb8230ce77e6a3fa	2026-10-02	0	118	YES	Record explicit N4 Screen Definition implementation authority
refs/pull/12/head	0d87d6a36d6f22ba7a12eddc8a5d87441f795b9f	0cdbdec298958db05d058fce5984c08e6a674182	2026-10-02	0	119	YES	docs(np13): record D1-A governed-object form and exact D1-B definition
refs/pull/13/head	3fc21b1e6f7e317e03dabfe736b56349125ac6ae	c44960185e1d7be7b67a6e6198bec3346fb53dfc	2026-10-02	0	116	YES	feat(np12): implement authorized N4 Screen Definition canonical bytes
refs/pull/14/head	fc86eed349f52c63b1534527174c7db118f7ebc5	46c1a15bbcd1291701484457d1fe9815d8538888	2026-10-02	0	111	YES	docs: record NP-13 D1-C hybrid identity boundary
refs/pull/15/head	27802bd162b779bce7e7d354cddf36855185626c	39d32a309f3ec2e586e27b3e4bbdd951b19443dc	2026-10-02	0	114	YES	docs: prepare NP-12 N4-A1 baseline binding act
refs/pull/16/head	7744fbd3c5c1646b59404051c60e91514a6f90f4	ed4c046b70a0875ae6af05720f820398755d10f9	2026-10-02	0	107	YES	docs: record NP-13 G-O-3(b) Option E decision
refs/pull/17/head	740ed9acb4efdc7874c54d98efd4c19c4e08ced2	1b03ce24ac2267731e86d59082f294287ce6ef0d	2026-10-02	0	105	YES	NP-13: record D1 prerequisite ordering Option E decision
refs/pull/18/head	8bb84d5de090a69ccd78871ba603c9835fd70471	2410ac816831f2b571bcfa8a98821f3a4f0bd8e7	2026-10-02	0	107	YES	NP-12 N4-A3: publish approved EngineOutput -> Screen authority decisions
refs/pull/19/head	1641fbd446833e88b815d4c325d7c803562a6e31	71b9dfa985f0fc86b6256274c7995afff553d733	2026-10-02	0	101	YES	NP-12 N4-A5: publish approved contract-gap resolution decisions
refs/pull/2/head	fb2ac134cd8dee370657b77316c8f5226e12d156	95caff29b83cec9d42a4a15aadcc2d226cbaea33	2026-09-29	0	143	YES	fix(pit): align client PIT contract import and add client-to-server runtime test
refs/pull/20/head	21e3c9379f851ecaa03f08211c1ebbf7aca4f6f3	0b87b9770882e85b6ff793d0aa13e1ec109b6fff	2026-10-02	0	99	YES	NP-12 N4-A6: publish Screen contract specification
refs/pull/21/head	221ba44f41cea629b79e31a29e1f046602c3147f	32a69fa35c1a61b3f0fbc7049b93789865f65cad	2026-10-02	0	97	YES	NP-12 N4-A8: implementation readiness determination (A6-IMPL-01..10 assessed; A6-IMPL-10 confirmed open)
refs/pull/22/head	953638a376120e805581c6d1789bd4e1cf2247a5	90e9ad2fc9a6d2cd6a62ba243b6b31bbab23c4d7	2026-10-02	0	95	YES	docs(governance): add NP-12 N4-A9 authority decision
refs/pull/23/head	9faa5beb1e993c6b826b59726a329e0885195445	003d5ef0939f39c821e0292cc285faf1c2effa37	2026-10-03	0	93	YES	NP-13: durably publish G-O-3(b) A-G decision set
refs/pull/24/head	f7b295755935326b23aee55ad16668932969eb5a	a8cdf0b092fdc9fefad7fa2005686c51e78a48b5	2026-10-03	0	93	YES	NP-12 N4-A10 — Controlled Increment 1 implementation (engine-free Screen-side runtime)
refs/pull/25/head	0979fb19aea0a44d2a1b3015f4a6bbd6dc6f7d9e	333bd2992c79b520fad528430b318a5f06f93922	2026-10-03	0	89	YES	NP-13: publish PA-D1 decisions
refs/pull/26/head	c24ffb6e9202edd71805cc9f87e5f42d6ce65457	a270980cf387c1a75d40d076424d674454dc4826	2026-10-03	0	87	YES	NP-13: publish PA-D1C decisions (D1-C #1-#10)
refs/pull/27/head	27f135918b28bfe998845e63c4105563d9280e5a	60a50fb596ca3304e61dab2f6234222d953a517b	2026-10-03	0	87	YES	Add files via upload
refs/pull/28/head	81f0c28cb65e4fddf14dd1380286baa46791ea48	aee5ad16e33179bf8d9345533023fafd689cbfbd	2026-10-03	0	83	YES	NP-13: Publish CM-B durable decision (D1 completion model — necessary-only, non-exhaustive, D1 remains open)
refs/pull/29/head	3f9eba5a9ea735347f25d2c676147a3bba4d93a8	ef80489ef838b58f958ccdc8227a5a7675b6a05c	2026-10-03	0	81	YES	docs: publish NP-13 PA-D1C current decision capture
refs/pull/3/head	37d07b0480f3d0b5f1bf24816b2eb4f38ef50ebe	37b32e4ddcfc2ae93db7cb89356d393cc0a73cbb	2026-09-29	0	141	YES	IU-6 — repin IPD dependency to the merged IU-6 PIT population commit
refs/pull/30/head	f5c66ebfb7d37f16f39f5c0fc5c848f35120d5e5	a61993a09a27151fc590d2d0d14f715591362d18	2026-10-03	0	76	YES	NP-13: publish PA-D1C semantic resolution (D1-C #1–#10 = A) — durable semantic policy publication
refs/pull/31/head	c6ac4395162000608cc7040f4fc1c8909a2ff6bf	70d468703c64817c3eed95527c2bf56e5577a12f	2026-10-03	0	74	YES	NP-13: D1 completion decision (A — DECLARE D1 COMPLETE) — durable governance publication
refs/pull/32/head	56aaad100b160e9aac97ad1aba75c3cc3900c186	7f0ef2a1fc8aa7d18a941249b3753cdce5fd61be	2026-10-03	0	72	YES	NP-13: PA-D2 eligibility & authority determination (D2 NOT ELIGIBLE; future D2-01 convening-authorized)
refs/pull/33/head	c3ff9125fa28bcc19c72fda2bf3c5169c5cfa010	13fe45b3984507029aa50fb3ebc4bea93d47a4fe	2026-10-03	0	70	YES	NP-13 D2-01: Establish D2 definition (Baseline Institutional Establishment: D2-A nature / D2-B binding+evidence / D2-C realization+durability)
refs/pull/34/head	ae4645e2102808ff7f3a3b3186b2a787290f998b	962d7ea322e4ade5cda61c3fc9335de616903daf	2026-10-03	0	64	YES	docs(np-13): publish D2-A M1 baseline nature decision
refs/pull/35/head	8811d7d4b83f7088ada0ccdbc45004676671c526	e6c8c77a6657c56b48c3a47b5a110fa6a2fd4dc4	2026-10-05	0	36	YES	fix(D89): correct DT-9 optional classification to authorized wording
refs/pull/36/head	39bd90c129bb8fc41c1e7b37a7122e9fc2fc800a	a98000d3e5536a236bdca10e2265b3e14ad6a6cd	2026-10-05	1	35	NO	docs(np-08): promote Finding E comment rectification
refs/pull/37/head	e6b23240dea145c80ff719a0c618ff0760c17088	24b970f2679172582235fbc70699d1fa53ef33b1	2026-10-06	0	33	YES	docs(phase14.1): retrospective historical recognition (durable governance disposition)
refs/pull/38/head	80a4dc95a37a4945ffd07d6cc71a6b716c9e0847	e1104b68972471b23787788e868edc7e043d0489	2026-10-06	0	31	YES	docs(governance): publish D-1 explicit domain-scoped persistence ownership decision (Option C)
refs/pull/39/head	0a36dee60637e14f8cc092bfcd44bf786bda4d21	cd1ef894caf797a11df168b52383826bb312d6cb	2026-10-06	0	29	YES	Governance: D-2 domain-scoped identity/tenant authority decision (Option B)
refs/pull/4/head	f292a25f32d02dfb309c8db0970de1f88a24317a	ca43d3231838058fb27a2cd6467f2570a860bbc3	2026-09-29	0	138	YES	IU-8D: reconcile IRR frontend transport to the certified 13-engine set
refs/pull/40/head	cade02dc4543a23a5a99be64c03ffa1dd3d67c7f	7dc2d419a053647d0e798370b4b147e0e8396909	2026-10-06	0	27	YES	Governance: D-3 Governed Reports acceptance at qualified branch scope
refs/pull/41/head	f4dab7d5dbd8d52e93c5267ad9249451ab5e991c	b19387cdc76323e9434f37fb780a08f75e3e4a0d	2026-10-06	0	25	YES	Governance: Reports promotion-scope decision (future bar only; no promotion)
refs/pull/42/head	4906a6b71f5133d714f0f4c29c89dba22ded37f5	774f16b986e7e47aa74c92e7bdd477cc6a5cf6bb	2026-10-06	0	23	YES	Promotion candidate: Governed Reports onto current main (reconciled shared transports; isolated persistence pin)
refs/pull/43/head	8acc34f781e73e8ca2ae01997f1f32166b3f4f2c	2060f6e579759a12dbc0b29129dfd14dabccb676	2026-10-07	0	21	YES	Governance: D-1 journal persistence domain extension (standing only; no admission)
refs/pull/44/head	3d29aea61d150264bef65f5054cfce6970c3f07a	334f8db538557e13f8c6e39563bb6a30b4e77fc6	2026-10-07	0	19	YES	Candidate: Watchlists/Collaboration/Settings family reconciled onto main 192626f1
refs/pull/45/head	80f5b19e203679b9d36d3f620e9abee183bf8bb3	64af04973da89d87c2e252e059c481f9f37973e0	2026-10-07	0	17	YES	Candidate: NP-13 Evidence Landing reconciled onto main 90753d84
refs/pull/46/head	ddba1bd1f189ecb8c2db3d4e233485df8d381768	767585053fc2f7eb304a008fb81fa92ee4a3a698	2026-10-07	0	15	YES	Candidate: AI Advisory selective transport reconciliation onto main b2256367
refs/pull/47/head	bdbba1f468979b3a5c0ad4eb91f55cd18a8cb08a	48a681acd374f4aae1016977042582c249ee8afc	2026-10-07	0	13	YES	Governed Screener application composition (read-only, additive)
refs/pull/48/head	bbf360d6ee532b8059354e58a2d0827cb973709e	361f7f7ed6e591b72b19d886ac749d17c225d73a	2026-10-07	0	5	YES	Publish P0-P6 integration & convergence evidence package (Durability Gate 2026-10-07)
refs/pull/49/head	5e59910be370b2e62f3c80cab6387a2ce447e820	e669595a7dc49bcdf3a1049e81f09f446a5daa38	2026-10-07	0	4	YES	Add Evidence Durability Record — publication + independent verification record (Gate 2026-10-07)
refs/pull/5/head	bc7d6a05acebf84460b0a865f43f1b5e1b257b3b	143f4c3f38b3ff8ae80624aecb5504c9d0d0792f	2026-09-29	0	136	YES	Govern program-level readiness attribution for deferred engines
refs/pull/50/head	44d15569bba51573785f3b31c08bd90b8246136b	83a8499f1c61f6bd5f97c44d490c678cc75c6cfa	2026-10-08	0	1	YES	G2 UI consumer: republish authorized implementation
refs/pull/6/head	4686b39da73f19f46c7cf5abaa189baf56e5c5bb	9590a47439922697b3fa03c1415d3c7af2bc5f49	2026-09-29	0	134	YES	IU-8F-A: Reconcile engine and product transport test contracts to 13 certified engines
refs/pull/7/head	b7ed35ee50b822e6976ae6df9e4e4297fa5804f4	d88b49357c64163008f2dfb52105626842053d7d	2026-09-30	0	132	YES	G-2: record durable user portfolio architectural decision
refs/pull/8/head	2c86aba4bd65e64398030e3a31be23296d62e00a	cc4d3d6df3327310fa5f0b0053ea88bc3b621dea	2026-10-01	0	124	YES	NP-12 N4: record approved Program Authority decisions
refs/pull/9/head	52a6bbfe512d80fe7ab3d715e3a68d36f6b24e14	363979378197c3138708a824aa8d7f00f16ca025	2026-10-01	0	122	YES	NP-12 N4: record identifier authority decisions
refs/tags/program-v1.2.0	5decdca93e5d3b90ec94ca902ff73af45574a6ac	49ba7e7cf543884501421e6f493a404ba5e6893d		-	-	-	Program v1.2.0 — 13-Engine Successor LTS
refs/tags/v3.0-phase12-certified	7325aeda8c9881ebdf2b96f64323998f1c46ba26	1d2d8cfae65339e163fcdb11dae45cc2e313c094		-	-	-	v3.0 Phase 12 certified baseline
